Area,Quartos,Banheiros,Price
238.2026173,3,3,126877.82
170.0078604,2,2,87197.04
198.9368992,4,1,104976.31
262.04466,1,1,97078.75
243.3778995,1,2,93673.56
101.136106,2,1,61693.03
197.5044209,2,1,89767.62
142.4321396,1,3,64420.99
144.8390574,2,3,86308.45
170.5299251,1,3,81004.91
157.2021786,5,1,99638.1
222.7136753,4,2,124331.91
188.0518863,1,3,92354.76
156.0837508,4,2,98611.93
172.1931616,4,3,120209.65
166.6837164,5,1,103946.79
224.7039537,1,3,89040.72
139.7420868,2,2,79417.63
165.6533851,2,1,85008.02
107.295213,1,2,55573.68
22.35050921,1,1,29297.7
182.6809298,4,2,109329.39
193.2218099,4,3,120058.79
112.891749,3,1,71090.91
263.4877312,4,2,146821.79
77.28171627,1,1,44915.65
152.2879259,3,2,85597.21
140.6408075,4,2,106272.85
226.6389607,2,1,101750.7
223.4679385,4,3,131699.53
157.7473713,4,1,93841.37
168.908126,4,3,117061.03
105.6107126,4,2,90269.66
50.96017659,5,1,79488.15
132.6043925,1,1,62140.01
157.8174485,3,3,98118.82
211.514534,1,3,88156.83
210.1189924,4,1,106755.64
130.6336591,2,1,71706.42
134.8848625,3,2,80918.76
97.57235175,1,1,52927.54
78.99910314,2,1,52731.27
64.68649047,4,1,64106.88
247.5387698,2,2,104054.04
124.5173909,1,3,64623.07
128.0962849,3,1,77324.68
87.360232,1,1,42091.6
188.8745178,2,2,96476.94
69.30510762,2,1,50647.62
139.362986,1,3,72516.41
105.2266719,1,2,61369.72
169.3451249,1,2,77204.36
124.4597431,2,1,71830.98
90.96839079,5,1,86735.52
148.5908886,1,3,77416.72
171.4165935,4,2,106813.85
153.3258611,2,2,79433.75
165.1235949,5,2,118944.22
118.2838953,3,2,80253.51
131.8629417,5,2,111123.82
116.3769776,3,3,89430.21
132.0223419,5,3,112315
109.3426859,2,3,61678.45
63.68586988,4,2,72709.98
158.8713071,2,3,82434.79
129.9109532,5,2,100481.86
68.49008265,5,3,90039.44
173.1391128,3,1,81054.71
104.6350818,1,1,54108.93
152.5972698,2,2,85222.23
186.4545281,3,3,117931.97
156.4491455,5,1,97671.57
206.9700342,5,2,126585.77
88.25870898,1,1,49010.33
170.1170821,2,1,72544.37
115.7594955,5,2,97456.84
106.4601425,4,1,81692.92
121.0575168,1,1,54927.88
134.4223734,1,2,69960.44
152.8082671,3,2,90198.84
91.74250796,3,2,75260.43
195.0413243,3,1,93713.33
173.283122,5,3,128590.66
73.18781569,1,2,46381.5
224.4126097,2,3,105174.52
244.7944588,4,3,142887.87
208.9389786,5,1,113737.95
141.0037582,5,2,107927.94
96.46236892,2,1,60925.66
202.7225863,5,2,130703.98
129.8411527,2,2,78113.23
211.1222535,2,3,107606.4
160.4137489,1,1,69522.48
198.8319518,5,3,127717.56
167.8183199,5,1,105460.79
185.3286584,4,3,117262.76
150.525001,2,2,81079.8
239.2935247,4,2,122774.81
156.3456046,4,2,91072.06
170.0994682,4,1,103355.82
244.1575349,3,2,121584.71
82.61204694,1,1,46808.42
86.47575008,2,3,60107.03
198.4698354,5,3,128194.82
91.34382974,3,3,71542.69
247.1810593,3,2,123448.95
129.319051,3,1,78578.49
112.6272594,5,2,99086.54
246.1471013,3,2,124239.29
224.0257396,3,2,108750.48
243.377948,5,1,134592.42
195.3022329,1,1,77677.65
106.9387157,3,2,85745.59
245.5032477,2,2,109439.45
136.5998315,1,1,56539.82
190.1228198,5,2,116973.86
197.3625984,1,1,80125.64
142.2494953,1,3,77159.14
180.7039685,4,3,118806.83
196.1103336,5,2,121548.56
168.8212766,1,1,62596.74
95.02996047,5,1,82755.07
164.9119087,3,2,98534.22
216.3192948,5,2,137436.35
115.271607,1,1,60546.56
142.518273,5,3,116232.67
128.2423224,4,2,93585.45
242.4631864,4,1,132609.95
183.6147379,4,3,107762.33
170.3730918,5,2,112151.7
111.5041963,1,3,63962.88
176.9624596,3,3,105138.66
116.283367,2,2,72441.85
151.5915279,3,1,78902.22
118.2076961,4,1,87848.76
183.8216647,1,1,76236.52
178.8295408,5,3,122382.93
139.5850622,5,3,121109.69
169.8003356,1,3,73535.67
95.34692456,1,2,64339.19
75.43712036,4,2,80106.6
171.9695851,4,2,111634
158.3336748,1,3,76539.9
181.7515718,4,2,109405.2
269.1572387,2,2,117101.06
197.2239743,5,3,122897.48
104.3588887,4,3,97078.51
205.8508144,4,3,124108.62
84.20462947,4,1,82264.56
126.9207698,1,2,67838.68
146.5879197,2,2,71910.78
235.6671361,4,3,141829.29
112.7622589,2,3,83398.63
108.6780731,2,1,66787.51
145.0773738,1,2,71852.09
116.8260857,4,3,92466.69
206.3317961,2,1,90759.49
96.00342458,4,2,83565
92.62656738,4,3,93829.49
128.1089978,3,2,82677.79
125.0983775,5,1,92057.12
246.4766027,4,2,122085.26
197.4710403,1,1,84364.32
154.3775621,5,3,115434.11
88.72822406,1,1,46150.96
192.2181488,1,3,97511.84
99.98923263,1,1,50593.36
72.76144516,3,2,72890.22
209.4014896,5,3,129180.75
165.8471306,1,1,67519.7
196.0429412,3,2,112486.11
165.9363826,5,2,121913.87
192.8415306,1,1,78493.19
117.4487203,1,2,64824.69
98.28785791,4,3,85608.44
184.0797259,5,2,118196.16
109.8295168,2,2,71147.9
115.5225111,1,1,53229.67
127.2233748,1,3,76430.15
150.873958,1,1,72481.36
132.3003044,4,3,104978.1
81.25243533,4,3,88729.99
117.8190799,4,2,80436.69
38.82984239,5,2,78709.43
181.2615726,3,2,93857.46
69.89711722,5,2,87376.78
94.78083303,3,1,68917.21
152.608254,2,1,78039.07
113.0218502,5,3,104942.99
227.1507298,1,2,97828.84
85.35715451,2,3,65424.92
163.3525435,1,1,67041.71
148.0358591,3,2,83430.67
91.59532511,4,2,86488.81
176.163833,3,2,99236.61
141.4226834,5,1,93357.36
188.5895276,2,3,101379.73
191.1752077,2,2,93800.79
258.1617975,2,2,112829.53
216.8263975,3,3,121143.06
131.5409081,5,3,111794.95
138.0310411,4,3,103562.72
204.9829798,2,2,94341.44
182.7631865,4,2,116932.7
182.0065763,2,2,94771.23
69.15219778,2,3,73529.05
148.7836938,3,2,91622.88
113.0984545,1,1,57902.78
163.99623,2,2,80440.91
145.0924805,1,3,82035.56
195.5089454,3,1,94685.45
165.8609108,2,3,99851.92
189.3163981,5,2,122725.33
126.6790452,2,1,72708.96
102.7776872,2,2,63338.83
129.4975153,5,3,112716.21
149.1489793,5,2,110585.93
168.9575868,2,2,93044.48
262.9654475,4,3,143451.42
147.8871424,3,3,96904.54
102.20275,4,2,88491.19
132.7009112,2,3,88324.59
126.8202013,1,2,66852.34
174.0740737,5,2,118116.08
72.96014928,5,1,80972.71
153.1630997,1,2,74970.43
157.8253269,3,2,93921.01
161.6090518,3,3,95497.69
120.1341966,2,1,72135.64
138.1039135,2,1,66705.49
78.79695455,5,1,80975.63
125.3340058,1,2,63302.68
122.8569262,1,1,58534.31
170.8025023,4,1,103140.06
92.19087841,3,3,86187.68
189.0599051,3,3,112110.17
224.7242272,2,2,97908.27
46.50074875,2,2,49268.38
171.3129365,3,2,98803.87
183.8454018,4,3,115131.11
118.1281487,2,1,60775.1
130.1364093,2,1,69391.37
143.3559711,4,1,95814.7
135.110456,5,3,113915.45
134.5493515,3,3,96224.89
66.19980968,1,3,58409.91
207.6165782,1,3,96585.49
203.9809296,1,1,83301.02
109.331787,1,1,47285.69
76.67878361,1,3,56006.38
176.0532438,5,3,119461.16
121.2106015,3,1,73636.57
157.0976582,2,2,82137.15
134.0335791,1,2,71366.01
184.5769376,4,3,126331.11
184.7374572,1,3,87830.51
113.7201311,5,2,98492.52
80.83180223,3,3,82404.54
70.85308013,4,2,72128.81
180.518969,1,1,71615.73
90.55703711,5,1,77582.99
124.6591823,1,3,68813.29
120.1842981,1,2,62057.83
147.3716352,4,3,100861.36
53.18600971,5,3,96923.95
159.4389298,3,1,82598.22
176.1945512,5,2,111855.19
154.4211044,3,2,96753.01
134.4556914,3,3,94412.97
154.8700083,3,1,90055.6
169.9523173,3,2,94416.2
11.37036218,5,2,67987.14
247.7956154,4,3,135872.36
169.5046661,3,1,97358.94
117.3795709,2,2,75539.95
130.4523312,3,1,82701.9
174.6870889,2,3,108503.64
144.194803,1,3,69918.6
48.46577661,3,2,56354.69
253.2246431,2,1,109619.9
144.4729671,3,2,91231.34
201.0086356,5,2,125801.25
115.3975076,4,1,83764.86
226.8188527,1,3,100121.02
164.3171844,4,1,101404.32
180.4421917,4,1,103319.82
97.73733169,5,2,97956.2
210.5572645,2,3,111267.93
184.4909082,1,3,94332.58
215.0923115,4,2,120036.92
118.595622,3,2,85828.63
125.9486441,2,3,76394.78
265.1958349,1,2,99549.64
96.99920886,4,1,80519.24
143.202515,4,1,98690.37
206.8445681,2,2,103337.02
154.8862484,3,1,74161.52
179.147684,4,2,108747.37
130.0275485,5,3,107836.01
168.5027944,5,2,119211.57
84.67365741,2,3,61470.44
232.906534,1,2,91315.2
144.0917977,2,2,81273.74
115.9910898,2,1,59445.65
183.3191541,1,1,77718.44
126.9640106,1,1,58673.29
83.28707643,1,1,40280.83
82.66412471,3,2,69714.16
184.6886576,4,1,99705.32
142.0213281,2,2,67547.76
143.314922,5,2,109190.52
203.8871903,1,3,94108.17
93.65870956,1,2,56347.82
113.4661124,1,1,45726.28
130.7560095,4,3,101190.23
154.7175795,5,3,121383.31
147.8914274,2,3,95175.88
135.6556404,4,2,97464.91
146.9186799,3,1,83037.75
144.6347362,5,3,112520.55
114.0197806,5,2,94107.08
109.3503506,3,2,81182.81
163.7258179,2,3,86062.1
105.4542459,5,1,93909.14
92.13223704,1,2,52775.85
134.3853874,2,3,76285.36
142.1166492,4,2,102577.5
262.8361749,3,1,117588.58
114.7649862,1,1,62203.35
197.1630362,1,1,75979.07
187.3594167,1,1,89945.43
90.55275224,4,2,78629.58
188.6626489,1,1,78404.85
90.80596799,5,3,104539.74
17.0413881,1,1,30379.97
180.3159762,2,1,81471.09
62.20547083,5,3,95356.71
172.5467231,1,1,73836.93
115.7994551,4,1,88470
232.9775398,1,3,99427.79
203.42547,4,1,109321.45
127.3307098,5,2,90668.95
115.6081194,5,2,95472.8
89.29612985,5,1,81401.25
127.9538684,5,2,104084.2
135.9822252,4,3,100885.64
131.7653228,2,2,68681.19
157.8351928,4,1,101268.87
178.9260749,4,1,111395.83
167.4827228,1,1,61533.69
111.7928038,1,1,54021.57
78.11042631,4,3,76235.09
218.2265924,3,1,113195.7
115.5275408,2,3,79563.4
117.38532,5,3,98772.09
123.9405344,5,1,95495.76
57.84652249,5,2,86013.21
126.1012998,1,2,62755.74
126.0172093,1,2,60371.25
181.0179149,2,1,88876.58
184.9228575,2,2,97181.8
150.1885445,4,3,111630.47
196.5924187,1,2,87864.8
166.9982492,5,3,118587.87
149.2158944,4,2,104863.71
158.0464084,3,3,112877.85
140.4673253,3,2,90076.18
130.2575243,2,2,64937.99
136.6133232,1,3,77406.87
93.59943343,1,2,58791.44
164.0220853,3,2,99071.26
100.3438195,2,2,64394.08
192.0815632,2,1,92364.74
137.527071,1,1,60907.22
152.4747491,1,2,73101.28
174.6918388,3,2,102681.43
182.1657233,5,1,115235.55
71.46882957,2,3,59207.8
139.6548162,1,2,69860.63
194.0089456,2,2,92567.23
65.09470903,5,3,91279.68
169.3640238,3,3,101317.01
37.22178853,5,3,82400.62
98.87465782,3,2,78126.88
151.9315276,2,3,89045.52
67.16424488,4,3,77965.9
100.7244631,2,1,45896.83
76.40824963,4,3,94393.09
232.4067466,2,2,118239.27
158.2113878,5,2,114425.62
178.3645139,3,1,95397.17
138.866245,2,2,79117.4
132.3284126,1,2,72149.59
69.17629057,3,1,63840.13
135.4081319,5,3,105946.41
111.9253894,2,3,83591.14
192.8961962,3,2,112871.75
207.0550933,1,1,72125.41
223.3289358,3,3,119068.4
192.627597,2,2,93226.56
120.0673032,1,3,68425.85
94.2051507,2,2,73896.33
188.3331591,4,3,117716.52
167.8146409,3,3,95659.87
61.57307747,1,2,44341.45
167.7740896,2,3,90778.34
190.7259911,4,2,120277.43
152.9462795,2,1,81297.85
140.7473164,2,3,82455.97
109.6175756,3,1,65723.65
77.67326502,3,2,72301.06
190.0148975,4,3,119896.66
134.5442778,3,3,89664.27
138.3266669,1,3,63721.9
236.6360593,4,1,127275.8
184.2250553,3,3,108272
168.5412501,5,3,118112.55
157.1030903,1,2,69110.79
225.999743,2,3,117072.92
235.9794654,1,3,114248.93
196.4752556,1,1,77301.56
179.1112296,1,1,77320.87
45.26984644,5,3,87899.16
156.1860957,1,1,70882.8
143.4946523,5,3,119089.03
154.6976615,5,3,121349.66
197.1523044,3,3,113296.38
13.01614164,5,3,84080.25
121.5343973,5,3,112966.48
163.4952177,4,1,91695.5
126.6577227,5,2,109349.69
79.15469434,1,3,58010.81
193.4481743,2,3,91007.11
163.8435953,5,3,118918.02
101.4447715,5,3,107562.72
165.7408602,3,1,90340.06
191.0792856,3,3,114290.18
150.2646323,1,2,62144.98
190.0282402,4,2,109497.83
153.9130088,5,3,126421.73
130.2385509,2,3,82183.1
92.02897418,5,3,100611.17
145.7034617,4,2,95461.62
159.7146469,4,1,93490.65
193.7916381,2,1,84387.09
144.2446266,1,1,58956.35
172.8707803,5,2,115464.79
101.7693993,5,2,88491.64
110.8685422,3,1,73395.14
144.480535,1,3,84361.34
97.2685768,2,3,77861.22
191.0123919,5,1,114596.12
173.1565165,4,1,96779.02
163.9547882,1,2,76766.89
166.9452063,4,2,96830.05
251.0521781,4,2,125796.66
126.5567906,5,1,99335.42
39.92793572,2,1,49149.81
159.9650098,2,3,88988.96
147.469823,2,2,86795.75
124.1240479,5,3,106258.1
101.058507,3,3,90413.96
128.0405239,2,3,88004.76
159.0669215,4,2,111074.36
124.859165,4,1,90388.57
270.622684,3,2,133616.74
101.9747809,1,2,51600.92
110.3441319,5,2,98448.7
35.568998,5,3,90389.46
162.5742208,4,3,103792.4
49.17966861,2,3,48490.65
123.0272683,2,1,67024.15
136.2164733,3,1,76014.4
114.5136017,1,1,48140.57
236.9436339,2,1,101016.8
199.7197196,2,2,93739.26
215.9568438,4,3,121062.51
105.8790591,2,3,69687.59
206.4297032,5,2,139229.48
174.8000473,2,2,91999.98
188.5702974,2,3,96828.63
201.4719414,1,3,102509.37
104.5618377,5,1,91016.96
128.784119,3,1,91117.2
193.1298006,5,2,116442.17
17.21904535,3,3,62000.15
225.6664041,1,3,101447.19
177.6566032,1,1,76314.6
147.714802,4,1,87652.29
161.0253828,1,3,80706.88
98.50323583,2,2,66538.72
132.5028318,5,1,100956.07
205.0142169,3,3,107541.52
214.9010986,5,2,127000.02
284.8112026,5,3,161739.28
146.3037667,5,3,115924.09
117.0723517,5,3,104740.9
124.2883017,5,2,99803.17
99.09790624,1,2,46508.07
146.1072622,5,3,110731.1
169.1366215,5,3,134309.19
148.287886,3,2,84731.55
204.8173423,5,3,135698.35
138.2892099,5,3,119939.45
132.6274674,5,2,114244.58
120.9365762,2,1,59381.66
68.36827369,2,2,49626.09
71.61161378,2,1,52103.39
91.04210347,5,1,88649.42
215.0714036,1,2,83447.23
194.7630136,2,1,88517.36
218.7482033,4,3,119602.8
83.38941727,2,2,70111.07
51.56876551,3,1,43288.41
116.997184,1,1,55822.94
158.7909477,3,2,92114.15
174.9345137,3,2,96914.05
202.3986078,2,3,104593.32
164.2139835,3,1,86726.34
237.133439,3,2,121026.78
138.869716,1,1,67061.99
104.3460391,2,1,61236.73
65.93908923,1,1,37979.42
105.5514321,5,2,98799.08
162.105898,2,3,84993.57
105.5639871,3,1,87159.8
196.8371232,2,2,109571.44
220.6163853,2,1,95756.56
31.52065474,5,3,82132.45
193.202615,1,1,63277.54
38.01979707,2,3,62418.71
170.0749528,2,2,88060.43
211.2435282,4,2,117600.79
153.2428053,2,2,76244.31
86.01554134,1,1,47414.76
120.7284398,4,3,98784.73
136.9177277,3,1,85085.16
140.8877608,3,3,86541.24
139.855158,2,2,76254.39
144.505861,1,1,66227.84
160.6740024,2,2,81479.88
89.57131731,3,2,69128.4
137.8990085,2,3,86743.55
225.9130585,2,3,109379.62
130.7677288,3,3,93512.63
127.8081953,3,1,84704.44
203.9098652,4,2,111054.87
22.04076668,4,1,56451.66
209.0689301,1,3,90288.88
118.4048121,1,3,65378.34
158.1964286,3,3,108433.57
154.8160678,1,2,62953.82
197.123406,1,2,87130.02
136.6202627,4,3,101910.81
116.0987109,3,2,73466
214.8922895,4,2,119838.37
31.79130914,2,1,36740.63
151.0167091,3,1,84777.36
82.60372887,5,3,94161.56
111.9213306,1,3,66224.06
250.5628341,1,2,102832.44
147.7702287,3,1,92615.75
159.7534849,5,1,103240.16
60.92185721,3,3,72290.04
113.5477671,1,1,50920.75
159.82787,1,2,66793.96
167.7378847,3,1,89778
180.8443277,2,1,89556.26
150.4313949,4,3,98903.54
176.3502104,3,1,87769.51
172.6890956,2,3,90835.38
58.51297945,5,3,85696.23
151.8502861,1,1,67648.3
188.3951204,1,3,92482.9
179.493991,3,2,98512.27
131.8070595,5,3,112195.9
109.7186746,3,3,90637.44
94.08440378,4,1,76883.43
143.4472994,3,1,80330.74
206.653994,1,3,95919.88
52.40979493,1,3,53042.89
117.0054135,2,3,86623.71
93.00987723,4,2,83426.37
189.2478761,2,1,91709.49
122.2845187,4,2,95596.74
126.4681171,1,1,54852.76
139.1525215,3,1,84307.28
172.2696625,1,2,83645.23
130.3805501,2,2,74740
-2.30715274,2,1,26372.72
177.1655946,3,1,91551.08
171.9521479,5,2,111951.87
139.0229486,1,2,58952.54
95.79816897,2,1,53218.34
167.5890055,5,2,123188.3
168.9617767,5,3,122242.81
126.4983559,1,1,60366.06
139.1634265,2,2,70673.66
103.4921749,5,3,110743.72
141.0705454,2,1,61810.44
72.47853275,5,1,88811.54
170.8659411,1,2,75468.27
102.7815755,1,3,65791.72
161.9051574,2,2,83950.5
79.70185419,1,2,43300.47
120.4971177,4,3,99293.72
144.4755297,1,2,63985.27
66.96500941,3,1,67056.86
155.7573937,1,3,79031.87
131.0426219,2,2,73587.3
62.88219011,5,2,84578.34
84.83786229,4,2,87446.51
180.2560042,2,1,87068.67
194.7777993,2,1,86530.39
143.404568,5,3,108697.57
170.2380906,5,3,130332.68
161.1921782,3,1,76856.42
166.4811491,2,3,100493.24
214.2992004,4,1,118077.72
74.65008009,3,1,53316.57
183.8230366,3,2,100893.22
130.8995522,4,3,103325.57
138.7870533,5,2,106890.4
134.8875135,5,1,97087.26
131.2426442,2,3,79034.5
88.69019041,3,2,66812.24
159.16696,4,1,92775.91
233.5471516,4,1,119132.63
147.193349,4,2,100817.18
149.9307479,3,2,86653.43
115.6350481,1,2,60179.9
144.1262727,1,3,81684.97
173.3083213,2,3,101509
131.487878,3,2,92582.14
127.3097979,3,2,84577.12
170.163227,1,1,77237.22
104.0997615,5,3,102695.35
162.6248314,1,2,77875.42
191.0160899,3,3,107795.58
217.9974271,4,3,124474.93
145.4808996,3,3,95433.01
218.379862,2,1,85293.6
201.7204943,1,2,93379.82
100.189368,2,2,73056.85
89.10307442,1,2,55554.05
134.7518181,1,1,57932.42
201.4467746,2,1,83199.88
146.3856496,2,1,76835.38
119.9671221,4,2,83808.69
227.612159,2,3,114961.57
164.3452244,5,1,106115.6
33.97028621,3,3,58280.53
165.8580313,4,1,109281.97
176.0020307,1,1,74506.68
161.2804327,5,1,109831.3
172.485605,2,2,92496.87
146.6362196,2,1,67838.81
84.08020652,5,2,85050.05
131.4647998,3,1,84388.67
102.7192102,5,1,90775.18
103.3629545,1,3,72019.45
86.84658254,5,1,85766.05
172.6244546,4,1,110360.18
154.8948073,5,3,124125.57
127.5917319,5,1,96317.04
117.5331036,1,2,66872.39
148.8288447,1,1,67983.01
203.9597364,3,2,109751.87
49.78921423,1,1,31280.01
168.843826,1,2,77554.55
122.7144013,1,1,68502.06
55.77070775,5,3,87864.1
52.71484584,5,1,78768.38
104.3608253,1,2,49612.43
160.9754778,2,1,78356.34
169.6531467,1,1,74014.1
103.0509214,1,1,49983.2
200.8510496,3,2,104307.38
221.1491748,1,2,93903.13
169.8043292,1,1,60932.28
120.4298666,3,1,72122.37
206.2209592,1,1,82667.26
187.7697848,1,3,90406.47
193.3703706,4,3,120061.41
117.1768163,3,1,76809.04
8.272274736,3,1,33341.71
255.8395511,4,1,120448.86
69.45607983,3,1,57079.09
148.2115964,2,3,94780.61
269.0372676,5,2,145941.84
166.5288378,5,2,119752.95
197.4623237,3,2,109851.86
74.88017153,5,1,79961.09
61.11665226,1,3,53610.34
123.3648604,1,2,56940.54
204.5374867,2,3,102027.25
132.6875276,4,1,83259.98
110.2681839,5,1,88546.82
159.8983645,2,2,80326.6
204.0967609,5,1,125419.53
77.75299005,1,2,50244.21
89.47285029,2,3,77774.64
110.5665373,2,1,60696.31
204.7319187,4,2,112594.62
161.7410763,1,2,75051.14
256.6076705,2,1,101115.89
196.8222863,1,3,96859.27
148.2452412,1,3,71756.82
213.2538919,3,3,115045.14
160.5748506,3,1,76939.31
114.7539324,4,1,79345.04
183.9987422,1,3,91080.92
115.1836673,3,1,71182.02
135.480145,5,3,111684.28
216.3891348,1,2,87920.04
144.9359257,2,2,75334.21
109.8429306,1,3,63241.07
126.7831154,2,1,59034.9
201.0895293,4,3,122676.83
122.3729663,3,1,76950.59
130.6564577,5,2,105882.6
124.485363,3,2,72484.6
159.1962747,2,1,73815.13
130.725512,4,3,98333.07
69.90819755,2,1,64037.5
105.6409529,4,3,102128.64
103.3605479,4,3,92543.33
212.1659692,5,2,137418.18
190.6337021,5,3,135424.22
179.362969,3,2,104965.71
124.7320841,5,2,102989.81
109.2104229,2,1,62931.49
124.6241199,2,2,80333.13
97.40599487,4,2,80241.49
274.8600196,3,2,133981.59
37.73391758,3,3,62189.66
178.2004268,3,1,93790.94
85.7723851,4,3,85922.34
144.7828254,5,2,110308.45
100.5999029,1,3,57228.95
91.11855188,2,2,73492.83
92.99018495,4,1,77250.14
237.7493077,2,2,115134.93
143.3505789,5,2,120377.13
111.7148903,5,2,107147.93
177.7893482,4,3,116652.75
150.5174657,4,2,97486.55
186.001688,1,2,79296.92
58.7871672,3,2,70309.35
165.1801952,1,2,79933.6
188.6347419,4,2,109495.62
66.92008544,1,2,47005.71
172.4097642,2,3,95185.22
234.8090786,5,1,137206.02
149.2571148,5,1,106228.39
191.0702969,1,1,68962.17
183.5285225,3,1,102521.59
114.6247151,4,3,93782.04
151.9883367,5,2,108864.62
71.65026446,1,2,47469.7
127.4348481,4,3,107980.6
163.2843987,5,1,112603.64
186.1550247,1,3,92216.85
151.2306063,4,3,109564.49
185.9991865,3,1,89087.63
94.85468935,1,3,57951.21
144.9151363,1,2,76454.1
150.9639692,1,3,78523.03
242.4795623,5,1,128180.65
139.2916672,3,1,89633.1
125.0491681,3,1,74731.69
151.0675612,1,3,76529.08
104.0443278,1,1,54816.63
159.6376925,3,2,93158.58
131.7472392,4,1,92008.25
60.4336226,1,2,43529.9
147.0706724,3,3,94407.96
134.1228453,5,1,99052.27
68.3788349,3,1,58601.65
146.6432923,4,2,92990.42
224.4677981,1,3,101658.74
176.0651874,3,2,98751.76
180.5963596,2,3,98457.21
82.92516372,1,2,45565.65
173.8449184,1,2,76620.09
157.4224791,2,1,72187.43
176.4522619,1,2,83120.88
171.1314311,5,3,133775.25
82.01096372,5,2,96678.7
147.9299594,4,3,101367.09
112.106457,4,2,84397.28
147.4957953,3,1,86639.1
105.1299537,3,2,70036.55
215.6235184,5,3,129356.02
107.0513806,1,3,66754.79
105.0528922,2,1,64667.21
153.7293203,5,3,114703.06
96.14504653,4,1,80553.03
128.7668349,4,2,89664.42
108.5017701,4,3,95649.13
220.5586032,2,1,91791.29
189.2901913,4,2,110220.11
147.1265241,4,2,105396.37
130.4391474,3,1,81311.92
197.0458807,1,1,77025.74
170.260204,1,2,70990.36
174.9026202,2,2,85239.38
148.6903881,4,1,95115
65.58849861,3,1,54253.37
144.3767009,1,2,74667.59
123.375504,2,2,77181.2
182.2527637,3,3,105445.2
200.5921216,4,3,121685.83
117.1024478,2,1,61514.26
173.4192617,3,1,96829.82
236.7939499,1,2,96709.94
116.614364,5,2,106923.4
234.096087,1,1,83131.4
107.3707076,5,1,90424.68
151.1479878,2,1,69832.58
149.4427194,3,1,79456.49
150.574945,3,2,86529.89
108.1160979,3,3,84082.22
120.4408448,4,3,94520.17
116.6139857,1,1,56600.91
166.3481298,5,1,104228.01
166.5017557,4,3,98639.06
261.2972166,2,2,120360.33
218.5494503,2,2,100595.32
124.5078379,4,1,87504.59
166.2434808,5,1,104289.54
199.855899,2,3,105856.86
151.5300912,1,1,62440.31
146.5179211,2,3,87518.34
152.5787471,5,2,111349.76
193.3638314,1,1,74713.26
107.5839739,4,3,97514.41
133.7165266,5,1,106791.81
173.5216572,1,1,75747.52
165.5723536,1,3,78836.6
161.979138,1,1,63339.13
131.5099417,5,3,109824.89
198.6267895,3,1,95961.83
256.6934124,2,1,103430.32
170.3207747,3,1,90980.45
140.3411649,2,3,93137.5
187.7870144,5,1,119142.24
123.0433682,2,2,74395.28
112.5154828,5,3,105343.39
151.6404374,1,2,65462.22
20.86016835,4,2,56684.7
92.30248182,3,3,87372.54
132.6019072,3,3,86741.96
82.33055709,5,2,97656.4
98.36784491,2,3,73206.57
128.1625831,2,2,67877.3
67.85173532,4,1,69211.53
129.6964102,1,3,71301.72
123.2364918,2,3,74349.87
151.2702604,2,2,85803.47
207.7092015,1,2,88039.73
158.6252208,4,2,112487.72
151.0531011,2,2,78550.96
154.9727229,5,2,103943.29
161.3696388,1,1,67251.77
99.16306757,2,3,69013.53
144.2612338,4,1,87240.79
165.4375621,3,1,76918.7
81.46200087,5,2,88456.5
193.2826461,5,2,120134.4
204.0688017,5,3,135511.02
118.4312006,5,2,99637.31
137.9331104,3,1,81582.18
106.0904829,3,3,90112.88
184.9690242,3,1,96558.34
96.93888563,3,1,68656.65
138.8761495,4,1,96042.42
107.0540046,2,1,61866.44
152.5477139,3,1,86788.19
60.28853643,3,1,65570.23
216.3230821,4,1,111422.76
101.7696788,1,1,49591.14
152.9947342,4,3,103825.02
139.3738478,1,1,56903.33
111.8942744,5,2,104535.12
105.6109932,4,3,88476.2
196.8199272,5,2,112411.48
123.7179703,1,1,58238.68
163.5585092,4,3,106792.28
109.9251557,1,3,68495.5
117.6409284,1,2,60726.35
173.6123575,5,3,117116.47
196.5204248,1,2,81840.69
141.2341799,2,3,87010.44
78.90400642,3,3,78966.8
249.897804,4,1,127056.3
107.1725346,5,1,87103.66
72.92063002,3,1,70967.88
279.7212294,5,1,140676.07
129.7983853,2,2,80826.89
76.91336559,3,3,73261.8
115.8280117,4,3,94943.97
168.3772448,1,1,70415.23
159.5155779,1,3,84837.73
107.4135401,3,1,67324.78
241.13618,5,1,127570.35
123.9210161,4,3,113797.03
90.76567048,1,1,41630.44
198.0346699,3,2,104015.05
216.4531423,3,1,106200.9
109.1253451,2,1,68007.63
79.93263535,4,2,84420.01
201.5219134,4,1,100302.97
47.63381935,5,1,77059.87
88.66891703,5,1,90632.79
198.3723075,3,2,99872.56
147.2323726,2,1,71200.9
136.8031326,3,1,86651.31
167.6408303,5,3,120863.19
142.3612788,1,2,70052.8
85.06566389,2,2,60426.29
213.8037673,4,2,115212.04
216.2507026,1,1,86006.15
160.2666282,1,2,75230.73
152.2567008,4,2,96712.58
266.9812403,3,1,121763.16
136.1783577,2,3,75783.73
137.0211509,1,2,64262.44
168.2240625,3,2,97672.92
223.5660978,4,2,112388.64
229.6385377,3,2,118780.07
137.0713684,1,1,60830.2
165.4165623,2,2,90629.95
81.09582665,2,1,39494.03
134.4011946,4,1,93736.45
107.9854802,3,3,91071.43
99.65841239,5,2,96352.08
234.0788358,2,2,104912.04
110.3856669,5,2,97808.56
123.4197046,3,3,94925.92
168.2924394,3,2,92878.24
214.8912633,5,1,122995.63
174.0557563,4,2,112713.06
287.9677557,5,3,154476.56
146.2666011,1,2,67888.51
162.935822,5,3,127515.3
163.7800337,5,2,120663.32
221.7524693,4,3,127883.6
175.3619476,1,2,79546.9
144.188515,3,2,97685.98
102.6255703,1,3,73449.2
162.2221728,5,2,114666.14
220.0672416,3,3,112667.35
129.4809103,4,2,96625.87
176.4471809,3,1,90692.26
162.3073894,4,3,106756.42
193.1759829,5,3,126716.28
109.762313,1,2,58868.68
267.3323515,1,1,101719.35
86.04194465,1,3,59004.71
131.7224455,1,1,54589.91
196.904627,1,3,94248.88
164.8366586,2,2,92139.53
191.499308,5,1,117978.52
125.1948833,1,1,52280.57
146.2597509,1,3,67466.98
150.6115992,4,1,85876.44
228.4629807,5,2,133533.88
184.5214512,4,1,102743.48
189.8336054,1,1,69251.71
117.1036954,5,2,102627.12
198.4441319,5,1,117490.53
161.2790832,5,1,104903.2
219.4572658,3,2,104889.78
250.7030077,2,2,104359.65
134.6617112,2,1,71831.79
129.6848435,1,2,71515.13
106.7977504,2,1,59571.9
142.8210244,5,3,123144.71
130.8987276,3,3,89951.04
167.97522,2,1,83012.82
142.7716592,2,1,73954.9
131.920036,3,1,85931.16
203.2292568,4,2,113834.72
103.1059884,1,1,54386.2
171.6553977,5,2,130984.04
129.7029136,3,2,85234.55
186.2184252,4,1,96085.66
219.2630773,1,3,89332.78
134.8450873,4,1,88398.77
172.0516454,1,3,83794.4
158.9396433,2,2,90268.99
110.02888,3,3,85613.42
162.0393755,1,1,74867.05
164.4560253,3,3,100806.29
170.643541,3,3,104480.14
140.0800552,4,1,90633.13
154.709615,5,3,116889.68
92.61945276,4,1,70602.88
132.0942962,4,1,88716.15
177.798134,5,3,136535.93
194.6236944,5,3,138635.66
128.8842588,4,3,102924.38
155.2357015,3,3,105251.73
161.4026663,2,3,92489.11
160.0739973,5,1,100390.27
177.0386793,2,3,101456.63
59.09611848,3,1,62470.92
147.5337965,5,3,109589.42
161.9516801,1,3,88909.64
99.98348255,1,3,55080.91
233.6992854,4,3,139528.99
158.0779634,2,2,88625.82
228.1702373,1,2,98441.24
110.4738489,4,3,105159.4
104.6349939,4,2,94500.24
161.212611,4,2,103914.22
66.06558186,3,1,49933.2
160.7482795,2,2,83424.19
154.8609616,5,1,108500.67
200.7832641,4,3,115274.15
185.0520671,5,3,135014.64
129.1261325,1,3,79068.04
95.12516726,3,2,73237.81
235.6152611,5,3,137781.04
110.394249,4,1,71921.7
97.72377215,3,2,79556.88
95.75719703,4,2,81926.37
205.8652658,3,1,106136.2
124.0549898,5,2,98632.16
112.3147767,5,2,97942.96
156.8844913,1,1,65705.61
139.6527645,2,3,85285.97
116.095227,4,2,90846.26
187.6995733,4,1,110919.38
203.2657746,1,2,87576.76
199.2658754,3,1,106023.32
188.3459835,3,2,91374.28
170.1312766,5,3,124412.5
61.2056,5,1,86154
233.4625403,4,3,133087.77
165.0994605,2,1,71738.54
180.4078214,4,2,114866.89
205.7481161,3,2,111871.27
221.6676251,2,2,111652.55
170.9199006,2,2,80418.94
171.777308,1,1,73107.54
120.0387861,5,1,100727.59
151.6544876,2,2,78976.25
107.291937,4,3,94435.75
114.0029734,3,2,81064.59
105.3212799,5,3,100227.52
142.1988055,4,1,100033.84
202.4546594,3,1,109710.53
308.5487387,4,2,152823.03
159.4749819,4,2,106031.1
82.57934561,5,2,81895.43
213.2491665,3,1,115155.5
134.9608062,4,2,97555.32
116.9695703,2,2,72525.23
160.4924739,5,3,117019.62
87.96877002,1,1,45477.15
161.1231582,2,2,88085.47
145.5812238,3,3,94506.73
154.9188953,2,3,86800.94
169.0708127,4,2,107427.07
153.3746129,1,1,63968.55
150.8169042,5,3,126459.95
164.2157259,1,1,63936.53
170.7700313,2,3,90435.36
98.42587698,1,3,66084.55
78.50043707,3,1,64897.49
146.9180974,4,3,96745.4
78.3632255,4,2,81694.07
154.3765735,3,2,96340.29
196.9373438,4,3,125986.67
180.3555836,5,2,110049.63
97.59147966,4,1,69891.13
106.9868774,4,1,73642.57
166.4150648,2,2,78909
129.9351097,1,2,68411.12
134.1672352,4,2,102764.82
179.8453241,2,1,87979.2
100.6356653,3,3,89266.27
129.9382645,5,2,107934.29
109.9958762,3,2,87884.29
97.8435251,5,1,80350.34
107.1460906,2,3,78381.24
183.8731085,3,1,101078.51
152.5910195,2,2,85694
106.0419686,5,1,95360.76
138.4449196,4,3,105933.44
68.05963464,2,1,44879.19
113.3343596,1,1,55015.66
257.4787267,4,3,136234.95
145.4878075,4,2,97381.85
186.5829464,1,1,76095.24
146.7255812,3,1,78640.34
167.4084618,1,3,75599
183.1629045,4,2,113604.66
94.76917012,3,3,90267.77
148.4531871,3,2,92966.81
228.9432597,5,2,139222.33
110.2249725,1,1,51713.48
121.6780073,4,2,101113.42
134.6154361,2,2,85963.67
163.4512037,5,1,108808.63
176.2458932,2,1,89723.19
213.3705827,3,2,117129.15
174.9749117,4,2,106634.67
146.8973437,4,2,107743.94
212.9583565,1,3,88266.66
185.2055511,4,1,102856.25
75.21602419,4,2,76835.19
276.318412,1,2,100780.86
238.4960694,1,1,88546.18
141.5892889,4,2,105214.59
168.8955051,4,2,107292.68
216.2179375,5,2,133640.74
141.3899604,2,2,73276.62
186.5175895,5,3,128471.07
205.2289237,5,2,137690.39
99.25870461,3,2,79560.76
119.8834073,4,1,88608.07
196.0704199,5,3,126679.46
173.0407239,4,1,105256.13
196.189828,5,2,125018.31
143.3715993,3,1,84401.91
135.5497395,4,3,108756.94
50.06802622,2,2,53364.72
92.69997867,3,2,77361.56
152.3533047,1,2,65945.35
191.227861,2,2,90414.66
176.5589183,5,3,129182.42
143.5879013,4,2,96961.71
136.4114217,4,1,89248.49
160.8589816,2,2,81730.84
153.9105591,1,1,64007.5
220.2272757,4,2,124991.63
157.3220385,1,2,64833.99
75.93770189,1,3,59468.09
86.37209325,3,3,71936.75
225.9379668,2,3,115441.54
91.44197693,2,1,65659.04
188.2248727,2,1,77187.05
136.5813632,5,1,98136.74
141.5120853,2,2,77809.92
143.2933609,4,2,93172.95
211.069248,4,2,114850.03
140.3579086,2,2,79444.01
148.3340359,4,3,104578.15
73.45982513,3,2,65442.85
160.3345256,5,1,105022.76
176.5521253,5,1,110504.22
161.957279,1,2,65732.12
219.8948131,1,3,95062.16
152.7585677,5,3,122907.07
164.9488728,2,3,93585.77
232.4252005,2,3,106651.82
72.49929053,3,2,69620.96
127.2087326,5,3,112724.28
221.3079376,4,3,125465.19
196.8064574,4,2,112326.72
183.9190049,1,1,79058.1
191.632537,5,2,130940.82
166.3533105,1,1,69177.48
231.5798714,3,2,124363.52
168.8879585,1,3,84017.03
161.9933553,3,3,101518.96
157.9479337,5,3,125811.62
159.6431978,3,1,92073.05
92.14913596,1,1,41854.79
188.5336527,5,2,132054.64
143.4780133,1,1,59043.11
241.0957549,4,2,124133.57
146.2174765,2,2,79937.79
171.0459142,3,1,87100.51
162.3301093,3,2,98404.75
118.7221482,2,3,86613.43
199.6068414,3,1,110606.89
245.253182,3,3,129499.28
149.261139,4,2,96654.38
134.9760607,5,1,93780.94
132.2485634,3,3,87577.12
55.38190533,4,2,67988.42
141.1093428,3,1,81862.51
162.5499058,5,1,112560.33
202.7378963,4,3,123833.98
198.0023871,3,3,121980.23
129.1750459,4,2,91839.15
136.1588503,2,2,79329.04
206.1952653,3,1,105760.08
141.3268051,1,1,55876.14
124.498523,5,2,97324.12
219.6259225,3,3,113955.3
201.8792834,3,3,115976.2
150.9395896,1,1,70774.19
120.3111276,4,1,81693.06
49.40598404,5,3,85837.53
179.4851803,1,2,88301.71
105.1815139,5,1,89968.03
51.86339954,3,1,54278.27
229.2410264,5,1,132247.71
182.3983896,4,1,104498.01
93.04959034,2,1,55565.43
89.27993085,5,1,87265.19
193.5480891,2,3,95075.86
106.1014692,4,3,91197.59
214.8074934,1,2,82263.85
180.8229656,5,3,121059.76
176.829826,5,3,127927.61
170.2347728,5,2,116969.82
159.5725436,5,1,106910.68
194.02556,2,3,100169.09
127.2959819,4,3,103250.66
154.2975987,2,2,85790.31
187.5973294,3,2,107661.58
178.1494859,3,3,100829.48
90.25065974,1,1,54878.73
124.9795166,1,1,58897.37
162.6401753,5,2,117723.09
129.5992645,3,2,84720.64
238.732928,2,1,107107.04
130.3423403,4,3,102327.03
141.8890776,3,3,96355.93
188.4715089,3,2,102596.8
166.5266372,2,3,96417.05
142.7362771,3,1,73064.21
112.1753236,2,3,68769.8
165.0757029,2,2,93405.64
201.954822,2,2,97157.48
173.9547612,2,2,87101.38
111.0908239,3,3,93540.56
236.8387478,3,1,108302.33
77.6711055,4,3,88888.96
70.86571791,1,3,56313.71
198.0278612,4,2,111347.49
161.2920239,2,3,90851
122.5250727,5,3,117759.77
95.07146362,4,2,88827.43
266.039992,5,2,151291.86
155.8545436,5,1,104507.67
176.7100585,3,3,102649.27
165.8942549,2,1,86316.98
171.7403979,1,2,74395.29
177.004723,1,3,81184.7
186.6212005,1,1,76683.29
131.23888,1,3,68351.21
135.4179007,1,3,72698.03
62.94885958,5,2,81839.05
110.9847797,5,3,103671.27
163.5556398,5,1,104344.1
202.2511688,2,2,98429.78
179.9519763,4,3,122891.2
132.9653828,3,1,75432.77
86.8413544,5,3,94341.04
11.13204273,2,3,60079.18
207.5866987,2,1,85577.31
120.5385507,3,1,82544.08
127.5767497,1,2,67147.42
156.5786984,2,2,83478.41
79.72199763,4,3,79902.62
132.510891,4,2,88743.06
251.1735975,4,3,139105.03
175.2693469,2,2,97238.92
167.9624578,2,3,94249.09
70.8752761,2,2,58662.74
262.1800947,2,2,112330.62
78.86025457,4,3,77277.75
246.1162378,3,1,112560.29
44.24719924,3,2,56862.54
220.2682719,2,3,102163.3
230.9027135,4,3,124486.1
108.7795439,3,3,82109.72
171.1290186,4,1,94686.5
177.3740286,2,1,89820.94
109.3102758,2,2,70004.64
77.54411946,5,3,91150.87
84.11413284,2,1,53423.97
177.050411,4,1,105738.17
145.7442199,2,1,69007.09
121.7849483,1,1,56546.63
198.3384006,5,3,138305.27
175.4033955,2,2,83522.03
112.2268637,2,1,69003.2
89.93992405,5,2,89517.29
176.1630869,1,1,64057.25
123.1208316,5,1,98153.84
154.9602431,4,2,96635.75
228.8149486,4,2,123530.85
175.116412,1,3,88446
106.88665,2,3,71907.04
158.0330595,5,3,121782.74
102.3677524,3,3,88702.48
230.4261078,1,2,85227.61
121.9210625,5,2,99084.49
160.3635373,5,1,107719.57
165.3866287,1,2,76273.49
157.9625234,3,1,88649.47
52.07255224,4,3,77009.87
77.6789468,4,1,73794.34
127.3824862,2,3,88667.22
165.9715917,2,1,71218.99
143.1110393,4,3,103057.62
102.1426263,3,2,78445.23
82.57878404,1,3,44764.36
129.9221228,5,3,111412.3
126.5761978,2,1,66399.13
175.6418229,4,2,108023.27
133.6840769,5,1,103038.8
180.1353828,1,2,82374.67
120.2675115,1,2,72153.06
137.2021165,2,3,81588.02
132.597681,2,3,80389.59
110.8816517,3,3,83967.89
181.2559328,1,1,76995.11
109.3202001,4,1,84521.2
123.9179245,1,2,70481.94
146.3440177,1,1,65718.9
85.1310172,3,3,71791.1
133.7532521,1,1,52615.69
114.434682,4,1,74537.61
130.5922904,3,2,81167.48
147.0035999,1,3,83308.24
110.0043188,2,1,75026.32
138.996211,5,1,99861.18
215.4334376,1,2,90184.95
148.7100721,4,2,102094.22
207.2631087,4,2,110450.21
167.3247221,2,3,89980.21
188.7080305,1,2,79800.95
111.2770516,1,1,49374.48
155.2453583,1,1,57084.75
156.6956461,4,3,109871.78
119.3687131,3,2,85478.21
108.8585838,3,3,84936.96
75.4867306,2,3,66740.78
224.8069818,4,3,131269.88
101.3798555,5,3,96219.71
217.3110537,2,2,110720.47
126.6253413,3,3,88551.42
106.875335,5,3,109287.85
181.125957,2,3,92468.74
118.4404029,2,1,67247.57
178.4229459,4,2,100969.09
133.3594118,1,3,80460.43
174.0212248,3,1,87822.49
101.5906968,3,2,65400.32
191.5675529,1,3,85723.1
174.3986341,5,2,115452.93
104.0174655,5,2,89409.03
282.1467861,5,2,156737.46
177.0061513,1,3,83125.23
264.5233535,4,3,131509.72
230.0133909,4,2,118427.96
140.558261,2,1,71303.17
129.3864123,3,2,86936.34
129.8270408,1,3,72618.09
58.49857248,4,3,70671.91
115.208244,3,3,80991.87
162.3383012,5,3,123682.05
226.297878,1,2,91540.25
111.3614059,3,1,73133.64
194.10283,4,2,115517.55
87.37033292,5,3,100712.04
120.6839987,2,2,62767.81
127.1179703,2,1,62151.79
168.5905541,2,1,76739.81
172.8654823,4,2,114177.51
198.1170872,1,1,82902.02
188.541848,3,2,101470.23
162.1584108,4,2,105002.26
169.5182472,3,1,88712.95
229.4265346,4,3,135277.31
124.4536909,5,2,109272.57
188.736416,4,1,107776.26
59.59280368,2,2,59689.14
170.5667121,1,1,71092.76
125.8375229,3,1,68070.28
150.1285591,5,2,105448.79
202.0043123,2,2,88542.7
158.2321905,5,2,119004.38
194.2593771,3,3,108065.4
223.6882408,4,3,125324.12
169.4546984,1,2,71981.72
208.5520532,2,1,81779.2
133.6719511,1,2,61259.73
149.5895059,3,1,81313.34
123.8690292,5,1,102809.04
202.1488797,1,2,95035.24
170.7045677,5,2,114788.55
124.6382769,1,2,57934.68
157.7334417,3,2,97681.85
202.0784194,5,3,136407.78
148.0366004,1,2,71380.45
102.5533595,1,2,44449.14
156.5955878,3,1,89247.95
50.97172045,5,3,87514.59
188.4385322,1,1,70632.04
128.9336206,2,1,64132.48
126.5344632,3,1,77069.96
193.7847839,1,2,84475.26
81.74185614,3,3,79920.94
247.3549321,4,1,122944.06
125.9878979,1,1,54671.59
123.8374528,2,3,73051.69
201.0612372,4,1,114282.46
185.4347637,3,2,90891.95
272.561486,5,1,147813.76
139.4397008,5,2,110821.89
143.9796681,3,3,95743.98
76.034201,5,2,93311.97
133.3948861,5,3,113401.64
113.9284352,2,3,78576.52
127.5616493,4,2,99345.66
62.79061217,1,1,30354.39
233.030378,4,1,123747.2
79.16982588,3,1,62386.16
9.88986008,2,1,23298.34
90.57877892,3,1,63027.17
119.8080224,4,2,92738.98
92.52229684,2,3,75774.32
204.915177,2,1,98256.86
143.1080411,4,3,104107.58
151.2692802,1,1,67853.41
180.5195882,4,1,105133.62
164.3006263,2,1,77013.25
198.9283649,2,2,100507.2
94.52612232,1,3,64964.33
122.624095,1,2,63625.43
183.2983573,3,3,114052.21
23.2722769,3,1,51425.54
81.24077603,2,1,54505.44
175.0496116,3,1,82268.45
125.9875483,1,2,55541.91
196.8053775,3,3,118830.41
190.4590148,3,3,113911.51
90.09535599,2,3,69938.97
170.3328544,4,2,107158.52
210.0848928,4,3,122583.3
157.3717201,5,3,129198.77
101.1267561,5,2,100906.9
193.9694971,2,2,90996.54
181.7712263,2,3,99759.09
177.1305392,4,3,115374.67
185.7969447,2,2,95495.3
0.269356989,1,2,36663.18
194.0468781,2,2,93493.18
240.4065905,3,2,105669.63
171.8319237,2,2,92446.56
159.6364498,4,2,109865.07
184.8219337,1,1,80495.51
166.9112737,5,3,121148.32
182.5890631,1,3,80581.46
150.07355,1,3,77856.02
111.6647573,3,2,77623.62
99.78386439,1,1,50399.17
100.0904136,2,3,77067.89
81.34787245,4,1,76886.63
96.61289945,1,1,51318.62
238.0633064,1,2,89325.63
187.7047832,2,3,92919.01
118.7486305,1,1,55013.53
130.4803653,5,2,109288.88
155.6278765,1,3,69712.41
117.2227485,1,2,58484.92
153.3758429,1,1,70960.63
188.8802069,5,3,132703.65
148.2128633,5,3,121160.11
166.8007871,5,3,126844.19
194.324577,5,3,123982.59
136.3934122,1,3,76181.89
164.23953,2,2,80224.48
134.5311204,4,3,110715.34
148.5735565,4,2,95889.89
133.7634867,1,3,66022.75
123.5565073,3,1,83615.88
158.6855926,4,2,99599.23
178.3272658,5,1,110386.35
157.3152223,3,2,97682.45
174.9363479,2,3,96734.28
113.103411,3,3,81700.28
89.81324039,2,2,76731.31
170.8521751,3,3,101808.58
184.3940696,4,2,110039.32
152.4928633,5,2,105407.25
217.401789,2,3,105209.78
195.3849399,2,3,106966.28
284.028542,3,3,131761.29
139.9595743,5,2,107149.1
100.0575602,1,1,49745.3
112.9931605,2,2,75478.71
121.7251097,5,2,97370.22
173.8015692,1,3,82136.39
42.0965718,2,3,53279.94
215.9275509,5,3,137785.23
138.0351704,2,1,80608.21
137.6603221,4,1,92343.53
96.0328417,5,2,93379.8
144.2887224,3,2,86382.97
150.6619884,3,2,89293.3
143.9027536,1,1,69840.94
166.9529628,4,1,103225.96
120.5183979,1,2,63325.84
105.209212,3,2,76803.88
177.4164065,5,3,118630.59
154.9333727,4,1,94584.22
159.8590528,2,2,83443.6
202.9513627,2,2,96919.68
98.87178044,5,1,89363.21
107.2379771,3,3,85328.47
212.8609825,1,3,101584.58
75.85583212,3,1,58534.37
84.52939268,5,2,94952.56
190.8930916,3,1,84533.5
161.9100096,1,2,68761.39
155.2616069,1,1,62184.92
145.4170296,4,3,107797.83
151.5633774,4,2,104797.8
145.3943943,4,2,98881.7
217.7721351,3,3,121817.52
130.0925936,2,3,95224.27
141.9313232,3,3,93699.04
239.7224403,1,2,93976.54
151.3754851,4,3,103944.25
261.6008195,5,3,154249.7
144.7510149,2,2,59833.08
218.3707491,3,3,119338.28
67.23279808,2,1,48303.21
157.682223,5,1,99469.76
70.77632184,4,1,75684.15
192.2227153,4,3,120316.86
89.35660919,1,2,54828.59
164.1884777,3,3,101260.65
135.8902062,1,1,59258.65
92.08984074,2,3,66628.74
69.03200086,5,3,85811.64
124.4479768,5,2,108694.94
237.0314723,1,1,78464.63
135.3257473,1,1,59794.71
195.8610771,2,1,89719.1
147.1478566,4,3,110015.35
193.8363387,5,1,113068.54
58.65443108,1,3,54668.03
129.8405847,5,1,104728.15
197.4702762,4,2,116092.29
141.8372526,5,1,99919.78
145.6772359,4,1,96351.95
128.4769044,4,2,91640.24
207.4689692,3,3,114953.04
164.8757177,2,1,79216.87
152.2011138,5,1,100270.09
182.1527273,4,2,110950.83
179.4112465,5,2,126704.99
160.6293523,1,3,87619.62
227.3515748,2,2,108093.31
146.9856233,2,1,73058.7
163.9040524,1,1,74610.25
117.8523723,1,3,64920.55
157.5057614,5,2,111223.14
229.3880762,3,3,126821.01
117.8371199,5,2,105176.59
93.32035872,5,1,82342.58
199.8379821,4,1,100597.11
142.5616924,5,3,118998.68
154.8002102,2,2,83974.26
147.7443348,3,1,87423
153.9560862,1,1,66525.96
192.5265342,2,2,95463.48
108.0437905,1,3,68182.84
99.41129579,4,3,85374.99
154.2484069,5,3,121783.02
69.67801553,4,3,82838.33
81.3473232,1,3,54951.12
243.3341574,5,1,133885.3
187.8734165,5,2,127089.23
149.4971764,4,3,115872.66
211.9003468,1,1,80613.21
97.9700385,3,3,87736.04
134.2198438,4,3,106336.24
181.1726805,2,1,82739.54
194.5335841,2,3,105114.02
175.6458423,2,2,84530.37
22.93805962,1,3,47393.22
101.5958941,2,1,58009.72
173.8534046,2,2,101504.45
132.2024253,5,1,107200.72
277.011581,5,3,163328.39
196.327915,5,2,120038.4
177.904094,1,1,67554
94.15252231,2,3,72257.34
148.235163,4,1,88319.77
162.0601982,2,3,86924.79
206.3891815,5,2,125157.75
194.0565549,2,3,109908.98
201.6494597,5,2,123140.54
103.8043992,2,1,64308.08
220.6075849,1,2,94268.6
80.97846238,3,1,57817.67
123.2042719,3,3,87620.77
171.5385567,2,3,88307.47
142.5054204,4,2,97018.43
99.6981571,2,3,72499.79
108.9225087,2,1,63317.77
72.58728386,3,3,67619.2
176.598732,2,3,97239.59
213.0284423,2,1,93048.06
144.9803248,5,2,113996.19
129.9825592,2,3,86653.45
76.38385358,5,3,96988.2
195.6600962,1,3,90144.54
260.5652167,4,3,139648.08
60.12720978,2,3,53306.49
96.82835309,5,2,90905.21
116.0203479,5,2,103784.09
121.7841045,2,1,63557.02
161.3672975,3,2,97029.58
230.7124774,3,1,114129.01
200.4298643,2,2,104286.31
176.3798691,2,1,79460.4
113.8035648,3,1,74302.91
94.01858832,2,3,76369.23
110.1612347,2,1,66696.09
227.4033401,3,3,125858.92
146.9128349,5,1,104011.34
127.6581873,1,1,54825.58
140.8122135,2,3,87482.79
191.230911,3,2,113098.56
84.35751627,2,2,55905.55
220.7437068,2,2,97129.16
157.8238128,5,3,125908.63
139.1828011,1,3,76407.24
172.1423057,2,2,92054.08
160.9198537,1,3,77355.89
132.7901772,3,3,81629.33
137.3644664,3,2,87173.86
106.5568727,4,2,88080.66
182.8195375,5,2,128922.15
123.4003095,3,2,83283.32
102.1870789,2,2,69793.56
158.2931761,2,2,80991.7
216.4570641,3,3,115991.23
147.5827688,4,3,106763.26
119.5949372,5,1,90949.24
170.194801,4,3,107058.75
246.8356231,1,1,97761.74
77.40472353,5,2,93673.78
169.1101394,5,1,106191.58
160.2543313,2,2,84099.98
208.0766902,5,1,123413.94
199.5454587,5,3,137287.97
140.6645444,2,2,78872.31
65.77413723,5,2,86124.35
190.3281884,4,3,140244.65
108.2403655,5,1,82178.68
102.6629795,3,3,89898.66
207.417529,5,3,129509.73
104.4574811,5,2,97642.06
220.142237,1,2,103236.7
166.7922361,1,1,61878.96
165.95592,4,3,109607.92
165.363239,1,2,77801.12
68.07881871,4,2,76357.66
61.18056918,1,1,37772.36
160.7776527,1,1,66949.71
178.400368,2,1,78404.63
154.1305516,4,3,106130.6
108.9232741,5,1,89205.99
150.9461052,1,3,81623.58
145.8982923,4,3,101235.72
102.1420951,5,3,100299.55
200.6986077,1,2,86923.17
63.48619692,3,1,59579.81
179.4371203,5,3,135340.02
169.2161703,1,2,75890.89
200.4855927,1,3,89117.61
99.73440638,5,1,83682.84
155.0703573,4,1,98343.84
258.5582475,2,3,114793.98
183.1037144,1,1,78351.77
155.0290604,4,2,104253.04
176.9580637,3,2,99496.13
154.3088421,5,1,112688.56
259.5449007,4,3,149278.69
199.1818098,4,3,128809.92
145.7192523,4,3,108914.76
162.6165716,2,2,85805.93
130.4601002,2,1,62225.76
210.4925063,3,2,112727.69
79.69476143,1,1,48745.41
69.76307351,2,1,46004.34
222.9357375,2,2,107865.21
257.6559896,2,2,111196.4
173.4152454,2,1,84143.03
155.6368971,3,3,96760.49
182.8633845,4,1,105449.19
117.6473237,5,2,100518.84
158.5621773,5,1,108105.3
151.9454353,4,1,97781.12
181.3282125,1,1,76682.4
72.10007359,3,2,69904.88
124.6482615,3,3,93200.28
192.2497802,2,3,101710.28
116.2203086,4,3,94534.57
100.3319312,2,2,64446.15
252.1036075,5,2,128499.6
151.9059,5,3,122937.51
121.054093,4,1,89638.64
65.38147813,5,1,76082.28
186.4673173,3,2,106433.04
184.9568077,2,2,94190.77
135.06202,3,1,84417.24
94.88849045,4,2,86827.04
148.7725288,4,2,102551.57
108.2071966,5,1,94678.78
102.8953206,1,3,63594.99
144.8393624,1,1,70770.55
97.43048007,4,3,95191.24
162.3324478,3,3,98370.96
180.3996255,2,3,95769.54
108.0183776,1,1,42840.69
81.58774523,1,2,59546.19
228.0639799,3,1,107083.52
102.9864882,4,1,63767.71
117.0028647,5,2,91657.58
160.6508584,3,1,87042.3
179.9684686,4,2,107518.4
137.1841553,2,2,91210.43
173.0397164,4,3,118384.4
129.9506921,5,2,98301.55
101.4414668,4,3,96314.72
221.315843,4,3,125054.25
274.4220807,3,2,135960.71
234.7984767,5,2,127697.39
157.090332,5,2,106728.44
241.6717681,1,2,99010.8
167.7851758,1,2,71777.47
126.1356865,2,1,68109.37
173.3189787,2,2,88021.92
145.2803747,5,3,123567.84
100.8440908,4,1,88394.91
105.0839014,1,2,55259.23
190.1025869,2,2,91955.38
57.67340092,5,3,89237.99
180.206837,4,3,111502.22
68.52081986,3,1,56888.62
43.94117775,4,1,62671.18
58.05766981,1,2,29676.6
248.3381986,4,1,112624.89
140.1883018,1,1,51281.62
154.329159,3,2,97000.84
220.9627523,4,1,121212.42
196.7089874,3,3,106981.27
80.42473653,1,2,47376.98
193.4503171,1,2,78797
159.2090632,1,2,79797.43
132.9160951,5,1,96893.42
151.2145457,1,2,67264.95
213.990601,2,3,101897.71
105.7016759,4,1,81109.75
170.044284,5,3,131738.69
149.5171382,3,1,87309.12
60.14176923,3,3,80379.41
109.8873414,2,2,63719.35
159.6606777,4,2,111992.34
214.8671045,2,1,90419.56
200.0665509,4,2,119800.53
179.8606252,3,1,97876.96
109.2362169,2,2,62360.79
240.0606995,3,1,111694.18
160.7620234,4,1,100394.35
99.68172392,2,3,65194.01
140.854751,2,2,81631.13
194.8124213,5,3,130407.64
150.3808749,5,2,108521.29
194.3432343,4,2,110128.09
205.1846979,4,2,118220.04
170.0265342,2,3,89868.8
107.1148688,5,3,106759.7
156.7727332,4,3,109081.22
152.2582928,2,2,75166.05
242.9673167,4,1,117875.1
68.68390311,1,2,45041.17
143.2588774,5,2,113218.2
120.7953227,4,1,88407.63
166.755281,3,2,87185.93
28.12178204,2,3,53690.96
205.746228,2,3,95119.89
150.6874244,5,3,116820.88
57.76494182,5,3,92869.11
131.9443433,2,1,70394.15
180.4481171,4,3,124392.61
70.42760623,5,2,86420.85
150.1611108,5,2,113968.15
97.12631761,2,3,69791.11
122.2007484,2,1,59634.95
151.3369191,4,2,93503.37
159.1725127,2,1,84092.92
126.4628751,1,1,48281.17
163.6398195,4,3,104506.94
190.8988804,3,3,103928.81
136.0542862,4,2,102977.57
221.5783879,1,1,88689.64
223.1107085,3,1,118069.94
128.5648967,4,3,96626.71
118.1079722,2,1,62783.39
66.79135074,3,2,70867.49
143.6715334,5,3,112018.07
131.828111,2,1,68907.11
188.952561,4,1,121891.19
74.5169197,2,3,65369.59
136.1304304,2,3,85463.66
198.4372197,2,3,101675.57
113.4821452,5,1,93086.96
111.8819232,2,3,80589.47
77.65298326,5,2,90889.8
281.0286923,4,1,135073.88
112.6263411,1,1,56511.72
84.98265839,5,3,100283.98
109.8074798,2,1,70122.07
111.285246,5,2,102583.48
136.5305111,3,2,81938.18
191.2686116,4,1,111105.03
135.0838416,2,3,74760.26
103.8588343,3,3,87093.79
77.43307509,3,2,58894.97
151.0928679,5,1,106244.12
152.1269537,3,1,85709.24
226.5466176,2,2,106846.85
154.6223868,3,2,83112.93
145.0495844,3,2,85264.87
97.46730817,5,1,88544.91
134.7023712,2,2,78588.6
128.0762771,1,2,58338.98
131.4917918,4,3,94564.13
102.0372304,1,2,62685.61
176.9164802,1,1,72219.59
142.8777291,2,1,72822.77
139.982326,2,1,75989.47
64.2976942,3,2,67679.96
174.6822044,4,1,93669.89
174.3507663,5,1,108925.99
108.0435299,2,2,58574.53
199.5060692,2,2,86523.64
81.7620885,3,3,66280.82
148.9065046,4,3,118354.8
136.439633,5,1,104255.46
84.14126056,4,1,81166.86
159.4851306,4,2,102022.9
235.1285076,3,1,107172.55
153.3817115,1,3,76631.19
126.8489123,2,2,82291.99
172.3512078,1,3,78904.67
155.2859998,1,1,65879.4
151.3881066,1,3,76355.53
128.7228894,3,1,74728.95
221.098778,5,1,129569.12
172.8181682,4,3,108207.14
123.5664671,1,2,66386.16
144.5998082,5,2,110962.61
112.9566648,3,2,71691.8
119.5854425,5,2,99865.64
117.9637138,3,2,76884.19
93.28442031,4,3,88007.05
188.8638482,2,2,93887.25
135.4479268,2,2,80018.62
177.7063789,4,3,121112.77
116.4937051,3,3,90421.77
146.9818753,2,2,80658.51
114.4479702,1,1,47344.14
185.9834085,3,2,98077.86
137.5790347,2,2,77852.59
113.4563207,2,3,79156.09
67.91483856,1,3,52609.63
163.7833275,4,1,92282.56
114.5807474,2,1,61717.43
149.2110391,1,3,73830.92
125.4134946,5,1,98918.7
197.709479,4,1,108787.14
177.2072376,3,2,104693.01
172.3606044,4,3,105337.71
119.1939438,2,1,66512.91
173.3145022,2,2,86031.26
235.7415804,1,2,98567.1
108.3906983,2,3,61876.73
158.616957,4,3,101368.53
67.53915128,1,3,59293.51
219.9281046,5,1,136586.01
130.1043951,5,1,90912.83
189.128944,5,3,127573.32
63.83858746,1,2,48561.78
239.8769694,4,2,122335.21
132.1564236,1,3,69677.61
177.2828662,3,1,92060.96
157.5409103,1,3,88939.57
137.2264607,2,3,78598.27
234.2896151,5,1,125902.98
67.59768968,1,2,54163.7
164.935683,3,2,84340.77
195.5322836,2,2,102850.35
148.5071939,4,3,107629.24
144.0914608,1,3,73690.56
142.8656144,5,2,114753.33
88.61817898,2,3,82969.45
151.9063692,1,2,73293.16
175.6358762,2,2,90964.86
153.4299614,2,3,83245.03
136.3861949,2,2,66585.05
125.5137489,3,1,67526.55
136.0351665,1,2,60365.74
212.8872109,2,1,94487.08
45.66825103,1,1,33846.51
152.0035728,2,2,81432.46
133.6122541,5,2,109722.14
222.7903976,1,3,103563.79
152.7746113,1,1,63253.74
224.2462799,5,3,138792.09
43.8054991,1,2,45221.01
172.9792452,2,1,79498.85
164.002893,3,2,87958.53
219.5266984,1,3,101758.2
67.93256956,5,3,94163.52
142.2482096,3,3,98873.08
153.3030131,1,2,72136.12
125.2102253,2,2,77675.55
210.8288857,4,3,132005.51
133.0658907,4,1,99063.56
251.7381272,3,1,99657.47
202.7088954,5,2,126831.74
197.5416849,1,3,87739.4
177.9649491,4,1,101689.88
96.81522045,4,2,82289.92
128.4451831,1,1,49047.52
178.6375683,1,1,73101.76
183.8778517,5,2,115882.83
215.3591923,1,1,84340.86
126.6279495,4,2,85655.95
106.9923308,1,1,58579.11
192.9552096,2,1,95492.48
109.5186712,4,2,87219.36
193.6655918,3,3,112114.75
209.9868088,5,3,142490.74
172.8076518,4,3,116092.74
132.1210484,1,2,64486.25
152.0541113,5,2,113416.68
179.673296,5,1,119872.98
150.5092759,3,1,87183.07
259.9148169,2,3,116189.83
100.4664535,2,2,66277.51
99.86657063,1,1,55110.54
101.1552307,2,3,69971.84
120.5210039,5,2,103857.27
41.05342399,1,2,42515.41
118.5174787,2,3,74092.38
117.3357649,1,1,60897.61
153.9257013,5,3,121071.88
170.8900292,5,1,114674.24
87.98918318,4,1,67516.53
195.0027121,2,2,86397.35
240.1121115,2,2,112355.14
139.5857448,3,2,84775.75
228.7185619,2,2,108461.64
159.9494747,1,3,79559.53
249.4365959,1,2,95814.13
205.8641733,5,2,129742.15
71.80476826,1,1,47248.83
150.9313685,3,2,103473.43
202.7162487,5,2,126121.08
151.5273291,5,3,118334.06
148.1558235,5,2,115578.21
213.4882375,2,2,101231.56
114.5072909,1,3,62156.41
150.8757807,2,2,73376.16
166.1812882,4,2,109457.26
133.310452,5,3,110759.25
148.9935448,4,3,101530.81
188.7511632,2,2,104905.92
171.6418811,1,2,80907.56
109.5641234,5,3,99628.3
94.79380071,4,3,89007.98
110.544891,4,3,95229.01
150.0624228,5,1,109311.06
142.0030106,3,2,89624.07
108.4021253,5,3,106548.53
120.0924774,4,1,92370.99
73.99803574,2,2,59810.1
170.8926852,2,2,93271.26
147.9990637,4,3,107884.39
87.01063283,2,1,51410.9
151.4310252,2,3,88588.12
217.1311005,3,1,109476.92
113.0032074,4,1,83039.69
215.7568833,1,3,104795.62
133.8271264,3,2,85060.76
159.8914084,4,2,101781.3
154.8875401,2,2,83990.62
220.0761708,2,1,90652.94
157.9216923,1,2,75597.63
92.90492904,2,1,57914.7
84.45148148,1,2,44514.17
